date,ticker,y_true,y_pred,y_prob,monthly_return,stage,test_year
2023-01-31,COST,1,0,0.4440445939579574,0.119693275154004,Base,2023
2023-02-28,COST,0,0,0.4871296149312284,-0.0510959203795143,Base,2023
2023-03-31,COST,1,1,0.5564419021478954,0.0262091846732395,Base,2023
2023-04-30,COST,1,0,0.34691774971897954,0.0127799148713609,Base,2023
2023-05-31,COST,1,1,0.577424597484707,0.0186937670136699,Base,2023
2023-06-30,COST,1,1,0.50263507239506,0.0524279263426454,Base,2023
2023-07-31,COST,1,1,0.5720842049902678,0.041402065295812,Base,2023
2023-08-31,COST,0,1,0.6009660984728723,-0.0184639510669316,Base,2023
2023-09-30,COST,1,1,0.6808297779931067,0.0285463746599858,Base,2023
2023-10-31,COST,0,1,0.6253826205505347,-0.0221606884145478,Base,2023
2023-11-30,COST,1,1,0.6862888620720162,0.0749180937579334,Base,2023
2023-12-31,COST,1,1,0.663178185014111,0.138931962861285,Base,2023
2023-01-31,LOW,1,0,0.41971043463676255,0.0506000290457111,Base,2023
2023-02-28,LOW,0,0,0.4635396651117678,-0.0120048269201032,Base,2023
2023-03-31,LOW,0,1,0.5675278210567289,-0.0280922665004796,Base,2023
2023-04-30,LOW,1,1,0.6039681280632416,0.0445026586849877,Base,2023
2023-05-31,LOW,0,1,0.6222876723671176,-0.0322379815670516,Base,2023
2023-06-30,LOW,1,1,0.7060414190907913,0.1221598195784763,Base,2023
2023-07-31,LOW,1,1,0.6383211433744099,0.0428732083610245,Base,2023
2023-08-31,LOW,0,0,0.47357927666627936,-0.0161778918243289,Base,2023
2023-09-30,LOW,0,0,0.4332415206981931,-0.0982299239596126,Base,2023
2023-10-31,LOW,0,1,0.5045698648731785,-0.0777071034135733,Base,2023
2023-11-30,LOW,1,1,0.5344303726785292,0.0433436118383498,Base,2023
2023-12-31,LOW,1,1,0.6399244077191926,0.1192979512480301,Base,2023
2023-01-31,TGT,1,0,0.30090392415673584,0.1549917360437624,Base,2023
2023-02-28,TGT,0,0,0.4348316740759768,-0.0150078422167067,Base,2023
2023-03-31,TGT,0,0,0.3753617068260137,-0.0170324584505155,Base,2023
2023-04-30,TGT,0,0,0.41462132821373915,-0.0475759419000404,Base,2023
2023-05-31,TGT,0,1,0.5405501688739238,-0.1643957206468582,Base,2023
2023-06-30,TGT,1,1,0.5327858473854602,0.0074086818664826,Base,2023
2023-07-31,TGT,1,1,0.5933594656921757,0.0346473536899778,Base,2023
2023-08-31,TGT,0,1,0.5170755272130009,-0.0647406809703322,Base,2023
2023-09-30,TGT,0,1,0.6644792531027854,-0.1262741394039456,Base,2023
2023-10-31,TGT,1,1,0.5850319831463718,0.0019896532579275,Base,2023
2023-11-30,TGT,1,1,0.5977891891810789,0.2202904041587086,Base,2023
2023-12-31,TGT,1,0,0.4620780002745458,0.0643450196926149,Base,2023
2023-01-31,WMT,1,0,0.41503771656408406,0.0146695763208311,Base,2023
2023-02-28,WMT,0,0,0.4634432975278087,-0.0120942361930365,Base,2023
2023-03-31,WMT,1,1,0.5878923630445115,0.0416826618615384,Base,2023
2023-04-30,WMT,1,1,0.5228500375292608,0.0238724096793732,Base,2023
2023-05-31,WMT,0,1,0.5604530556164271,-0.0234620689633525,Base,2023
2023-06-30,WMT,1,1,0.7085603138773702,0.0701979952108053,Base,2023
2023-07-31,WMT,1,1,0.6001085843119955,0.0170505874438384,Base,2023
2023-08-31,WMT,1,1,0.5734430716466185,0.0208186855095877,Base,2023
2023-09-30,WMT,0,1,0.5677829679358298,-0.0164811975396262,Base,2023
2023-10-31,WMT,1,1,0.6165450236300687,0.0217596148918239,Base,2023
2023-11-30,WMT,0,1,0.5843890846430226,-0.047243176522944,Base,2023
2023-12-31,WMT,1,1,0.7020777203548656,0.0163499545748573,Base,2023
2023-01-31,COST,1,0,0.3750428752510759,0.119693275154004,Stage1,2023
2023-02-28,COST,0,0,0.42909138119380846,-0.0510959203795143,Stage1,2023
2023-03-31,COST,1,0,0.48240889117741376,0.0262091846732395,Stage1,2023
2023-04-30,COST,1,0,0.43382512234958315,0.0127799148713609,Stage1,2023
2023-05-31,COST,1,0,0.4708067986595401,0.0186937670136699,Stage1,2023
2023-06-30,COST,1,0,0.3900789266529064,0.0524279263426454,Stage1,2023
2023-07-31,COST,1,1,0.5373862833457279,0.041402065295812,Stage1,2023
2023-08-31,COST,0,1,0.5916499519622906,-0.0184639510669316,Stage1,2023
2023-09-30,COST,1,1,0.5973153159797996,0.0285463746599858,Stage1,2023
2023-10-31,COST,0,1,0.5382918196135806,-0.0221606884145478,Stage1,2023
2023-11-30,COST,1,1,0.6217769721276436,0.0749180937579334,Stage1,2023
2023-12-31,COST,1,1,0.5379452988390436,0.138931962861285,Stage1,2023
2023-01-31,LOW,1,0,0.3225826698077762,0.0506000290457111,Stage1,2023
2023-02-28,LOW,0,0,0.4260498057435173,-0.0120048269201032,Stage1,2023
2023-03-31,LOW,0,0,0.4972518658263766,-0.0280922665004796,Stage1,2023
2023-04-30,LOW,1,1,0.5728057143558168,0.0445026586849877,Stage1,2023
2023-05-31,LOW,0,1,0.547890539480927,-0.0322379815670516,Stage1,2023
2023-06-30,LOW,1,0,0.4751407487663674,0.1221598195784763,Stage1,2023
2023-07-31,LOW,1,1,0.5615858055965198,0.0428732083610245,Stage1,2023
2023-08-31,LOW,0,1,0.5205404345767899,-0.0161778918243289,Stage1,2023
2023-09-30,LOW,0,0,0.4893622713055792,-0.0982299239596126,Stage1,2023
2023-10-31,LOW,0,0,0.4956232039723896,-0.0777071034135733,Stage1,2023
2023-11-30,LOW,1,1,0.5533417355433682,0.0433436118383498,Stage1,2023
2023-12-31,LOW,1,1,0.5304789735817955,0.1192979512480301,Stage1,2023
2023-01-31,TGT,1,0,0.2829768925878657,0.1549917360437624,Stage1,2023
2023-02-28,TGT,0,0,0.4098121789146811,-0.0150078422167067,Stage1,2023
2023-03-31,TGT,0,0,0.3848051004180769,-0.0170324584505155,Stage1,2023
2023-04-30,TGT,0,0,0.40981399894103776,-0.0475759419000404,Stage1,2023
2023-05-31,TGT,0,1,0.5164323753208574,-0.1643957206468582,Stage1,2023
2023-06-30,TGT,1,0,0.40480475676933075,0.0074086818664826,Stage1,2023
2023-07-31,TGT,1,1,0.5418251034036287,0.0346473536899778,Stage1,2023
2023-08-31,TGT,0,1,0.5788869100185875,-0.0647406809703322,Stage1,2023
2023-09-30,TGT,0,1,0.6274186455959299,-0.1262741394039456,Stage1,2023
2023-10-31,TGT,1,1,0.5696291797787313,0.0019896532579275,Stage1,2023
2023-11-30,TGT,1,1,0.5860203143709349,0.2202904041587086,Stage1,2023
2023-12-31,TGT,1,0,0.439486214882811,0.0643450196926149,Stage1,2023
2023-01-31,WMT,1,0,0.3256778040654234,0.0146695763208311,Stage1,2023
2023-02-28,WMT,0,0,0.4233503027058562,-0.0120942361930365,Stage1,2023
2023-03-31,WMT,1,1,0.5413293926296125,0.0416826618615384,Stage1,2023
2023-04-30,WMT,1,1,0.5459207520037274,0.0238724096793732,Stage1,2023
2023-05-31,WMT,0,0,0.4912371213557913,-0.0234620689633525,Stage1,2023
2023-06-30,WMT,1,0,0.4604066610989061,0.0701979952108053,Stage1,2023
2023-07-31,WMT,1,1,0.5555213677399787,0.0170505874438384,Stage1,2023
2023-08-31,WMT,1,1,0.5736583136055742,0.0208186855095877,Stage1,2023
2023-09-30,WMT,0,1,0.575013925248012,-0.0164811975396262,Stage1,2023
2023-10-31,WMT,1,1,0.5636826839139712,0.0217596148918239,Stage1,2023
2023-11-30,WMT,0,1,0.5747135151488236,-0.047243176522944,Stage1,2023
2023-12-31,WMT,1,1,0.5725618630625398,0.0163499545748573,Stage1,2023
2023-01-31,COST,1,0,0.49164232116715895,0.119693275154004,Stage2,2023
2023-02-28,COST,0,0,0.49607967844035644,-0.0510959203795143,Stage2,2023
2023-03-31,COST,1,1,0.5872407714600113,0.0262091846732395,Stage2,2023
2023-04-30,COST,1,0,0.4425550320702193,0.0127799148713609,Stage2,2023
2023-05-31,COST,1,1,0.6081993024086852,0.0186937670136699,Stage2,2023
2023-06-30,COST,1,0,0.4398090506661477,0.0524279263426454,Stage2,2023
2023-07-31,COST,1,1,0.5489110623732227,0.041402065295812,Stage2,2023
2023-08-31,COST,0,1,0.5895942867367814,-0.0184639510669316,Stage2,2023
2023-09-30,COST,1,1,0.5858836990012888,0.0285463746599858,Stage2,2023
2023-10-31,COST,0,1,0.5598862219461082,-0.0221606884145478,Stage2,2023
2023-11-30,COST,1,1,0.6642573794762834,0.0749180937579334,Stage2,2023
2023-12-31,COST,1,1,0.5744676745531616,0.138931962861285,Stage2,2023
2023-01-31,LOW,1,0,0.3409955068615657,0.0506000290457111,Stage2,2023
2023-02-28,LOW,0,0,0.4024154555679833,-0.0120048269201032,Stage2,2023
2023-03-31,LOW,0,0,0.46966576000872323,-0.0280922665004796,Stage2,2023
2023-04-30,LOW,1,0,0.4637490177515737,0.0445026586849877,Stage2,2023
2023-05-31,LOW,0,0,0.4963566709186367,-0.0322379815670516,Stage2,2023
2023-06-30,LOW,1,0,0.4424864697878601,0.1221598195784763,Stage2,2023
2023-07-31,LOW,1,1,0.5408241788165391,0.0428732083610245,Stage2,2023
2023-08-31,LOW,0,0,0.48715078881242496,-0.0161778918243289,Stage2,2023
2023-09-30,LOW,0,0,0.449200873016937,-0.0982299239596126,Stage2,2023
2023-10-31,LOW,0,0,0.48103583368788444,-0.0777071034135733,Stage2,2023
2023-11-30,LOW,1,1,0.5163695717455543,0.0433436118383498,Stage2,2023
2023-12-31,LOW,1,1,0.5279103740951883,0.1192979512480301,Stage2,2023
2023-01-31,TGT,1,0,0.31790868466678257,0.1549917360437624,Stage2,2023
2023-02-28,TGT,0,0,0.42761087803905634,-0.0150078422167067,Stage2,2023
2023-03-31,TGT,0,0,0.39624408334299643,-0.0170324584505155,Stage2,2023
2023-04-30,TGT,0,0,0.41162216504173293,-0.0475759419000404,Stage2,2023
2023-05-31,TGT,0,1,0.598510208852065,-0.1643957206468582,Stage2,2023
2023-06-30,TGT,1,0,0.48535870768220646,0.0074086818664826,Stage2,2023
2023-07-31,TGT,1,1,0.5900482912891808,0.0346473536899778,Stage2,2023
2023-08-31,TGT,0,1,0.5818211917098757,-0.0647406809703322,Stage2,2023
2023-09-30,TGT,0,1,0.6283743002513282,-0.1262741394039456,Stage2,2023
2023-10-31,TGT,1,1,0.605040817549719,0.0019896532579275,Stage2,2023
2023-11-30,TGT,1,1,0.6288378019671085,0.2202904041587086,Stage2,2023
2023-12-31,TGT,1,0,0.46016080777482393,0.0643450196926149,Stage2,2023
2023-01-31,WMT,1,0,0.3625658439904856,0.0146695763208311,Stage2,2023
2023-02-28,WMT,0,0,0.42938272658929905,-0.0120942361930365,Stage2,2023
2023-03-31,WMT,1,1,0.5687168579265205,0.0416826618615384,Stage2,2023
2023-04-30,WMT,1,1,0.540347008274052,0.0238724096793732,Stage2,2023
2023-05-31,WMT,0,0,0.49725863034699463,-0.0234620689633525,Stage2,2023
2023-06-30,WMT,1,0,0.4744170974552706,0.0701979952108053,Stage2,2023
2023-07-31,WMT,1,1,0.53979645283568,0.0170505874438384,Stage2,2023
2023-08-31,WMT,1,1,0.5120243774849397,0.0208186855095877,Stage2,2023
2023-09-30,WMT,0,1,0.5223159288215765,-0.0164811975396262,Stage2,2023
2023-10-31,WMT,1,1,0.549150836644688,0.0217596148918239,Stage2,2023
2023-11-30,WMT,0,1,0.5573680229736901,-0.047243176522944,Stage2,2023
2023-12-31,WMT,1,1,0.614248444677508,0.0163499545748573,Stage2,2023
2024-01-31,COST,1,1,0.5775047427739373,0.0527208967386012,Base,2024
2024-02-29,COST,1,0,0.48932106827116123,0.0721037026088662,Base,2024
2024-03-31,COST,0,0,0.4953704189651068,-0.0151366884943665,Base,2024
2024-04-30,COST,0,1,0.5214082561541584,-0.0116972151176319,Base,2024
2024-05-31,COST,1,1,0.5007776463499592,0.1203348424372146,Base,2024
2024-06-30,COST,1,1,0.6070285537577024,0.0495130167115986,Base,2024
2024-07-31,COST,0,0,0.418346907801321,-0.0315531355846948,Base,2024
2024-08-31,COST,1,0,0.4161969419828393,0.085620441823887,Base,2024
2024-09-30,COST,0,1,0.5758527437815123,-0.0065666423475563,Base,2024
2024-10-31,COST,0,0,0.41143013735776435,-0.0139196564168381,Base,2024
2024-11-30,COST,1,1,0.5382638362909968,0.113239041299106,Base,2024
2024-12-31,COST,0,1,0.589078291754076,-0.0572189373912187,Base,2024
2024-01-31,LOW,0,0,0.47864218156500754,-0.0388218049835974,Base,2024
2024-02-29,LOW,1,0,0.4548184158653965,0.1307555265582396,Base,2024
2024-03-31,LOW,1,0,0.4409533081460156,0.0584202881243947,Base,2024
2024-04-30,LOW,0,0,0.4371449776512161,-0.1006956408856842,Base,2024
2024-05-31,LOW,0,0,0.4017797665371892,-0.0293873454412993,Base,2024
2024-06-30,LOW,0,0,0.46708931477904486,-0.0037507380774381,Base,2024
2024-07-31,LOW,1,1,0.6271212214477225,0.1190261245824924,Base,2024
2024-08-31,LOW,1,1,0.5683362571381579,0.0121787317358674,Base,2024
2024-09-30,LOW,1,0,0.4013081852671907,0.0899395161672469,Base,2024
2024-10-31,LOW,0,1,0.518454413320692,-0.0292013576585907,Base,2024
2024-11-30,LOW,1,0,0.47666187154654216,0.0404843768128109,Base,2024
2024-12-31,LOW,0,0,0.3782096380631688,-0.0940792157347057,Base,2024
2024-01-31,TGT,0,0,0.42072617944753643,-0.0234518336347735,Base,2024
2024-02-29,TGT,1,0,0.45886229611795193,0.1076548980881579,Base,2024
2024-03-31,TGT,1,1,0.5898569223474242,0.1588414442619099,Base,2024
2024-04-30,TGT,0,0,0.4708529516804936,-0.0915862364214784,Base,2024
2024-05-31,TGT,0,0,0.4830856765843717,-0.0232641788011277,Base,2024
2024-06-30,TGT,0,0,0.3171485716493241,-0.051997901779951,Base,2024
2024-07-31,TGT,1,1,0.5357722912831197,0.0160091781187152,Base,2024
2024-08-31,TGT,1,1,0.5816036733123802,0.0293292217990968,Base,2024
2024-09-30,TGT,1,1,0.6249347484784762,0.014581429309936,Base,2024
2024-10-31,TGT,0,1,0.5053090813442325,-0.0373412893795478,Base,2024
2024-11-30,TGT,0,1,0.6843067217204601,-0.1117915736258664,Base,2024
2024-12-31,TGT,1,1,0.6434131369945136,0.0216914428232994,Base,2024
2024-01-31,WMT,1,1,0.6405345671902232,0.0482079622456501,Base,2024
2024-02-29,WMT,1,1,0.6018574635260286,0.0640243666828435,Base,2024
2024-03-31,WMT,1,1,0.5242383204229561,0.0301128692869456,Base,2024
2024-04-30,WMT,0,0,0.4297153016897741,-0.0136279689513028,Base,2024
2024-05-31,WMT,1,1,0.6547134500771625,0.1118386157682427,Base,2024
2024-06-30,WMT,1,1,0.5904792306831927,0.0296531037954184,Base,2024
2024-07-31,WMT,1,0,0.4018783573839811,0.0137351819524655,Base,2024
2024-08-31,WMT,1,0,0.4989676189808198,0.1283528857590139,Base,2024
2024-09-30,WMT,1,1,0.5614770387464612,0.0455781561387007,Base,2024
2024-10-31,WMT,1,0,0.3794807918409138,0.014860552341894,Base,2024
2024-11-30,WMT,1,0,0.35550616256072454,0.128737158712112,Base,2024
2024-12-31,WMT,0,1,0.5453610586009863,-0.0210791530908124,Base,2024
2024-01-31,COST,1,0,0.40643892048938973,0.0527208967386012,Stage1,2024
2024-02-29,COST,1,0,0.3476609842073754,0.0721037026088662,Stage1,2024
2024-03-31,COST,0,0,0.38045204077476813,-0.0151366884943665,Stage1,2024
2024-04-30,COST,0,0,0.41451522850906786,-0.0116972151176319,Stage1,2024
2024-05-31,COST,1,0,0.48401037843543854,0.1203348424372146,Stage1,2024
2024-06-30,COST,1,1,0.5036208934753238,0.0495130167115986,Stage1,2024
2024-07-31,COST,0,0,0.44723172267047845,-0.0315531355846948,Stage1,2024
2024-08-31,COST,1,0,0.4033768486426933,0.085620441823887,Stage1,2024
2024-09-30,COST,0,0,0.4368289870473773,-0.0065666423475563,Stage1,2024
2024-10-31,COST,0,0,0.4337094018673379,-0.0139196564168381,Stage1,2024
2024-11-30,COST,1,1,0.5030456282121889,0.113239041299106,Stage1,2024
2024-12-31,COST,0,1,0.5271838038136493,-0.0572189373912187,Stage1,2024
2024-01-31,LOW,0,0,0.390424499584167,-0.0388218049835974,Stage1,2024
2024-02-29,LOW,1,0,0.3931570473149745,0.1307555265582396,Stage1,2024
2024-03-31,LOW,1,0,0.34387761560112173,0.0584202881243947,Stage1,2024
2024-04-30,LOW,0,0,0.3711185113196242,-0.1006956408856842,Stage1,2024
2024-05-31,LOW,0,0,0.44111090144575477,-0.0293873454412993,Stage1,2024
2024-06-30,LOW,0,0,0.48449709190190776,-0.0037507380774381,Stage1,2024
2024-07-31,LOW,1,1,0.5791091555383528,0.1190261245824924,Stage1,2024
2024-08-31,LOW,1,0,0.43104937077738364,0.0121787317358674,Stage1,2024
2024-09-30,LOW,1,0,0.4065266666152263,0.0899395161672469,Stage1,2024
2024-10-31,LOW,0,0,0.4228735132879949,-0.0292013576585907,Stage1,2024
2024-11-30,LOW,1,0,0.4884509817715104,0.0404843768128109,Stage1,2024
2024-12-31,LOW,0,0,0.4409021013325706,-0.0940792157347057,Stage1,2024
2024-01-31,TGT,0,0,0.3681547006291471,-0.0234518336347735,Stage1,2024
2024-02-29,TGT,1,0,0.34793566004532417,0.1076548980881579,Stage1,2024
2024-03-31,TGT,1,0,0.4529910501038813,0.1588414442619099,Stage1,2024
2024-04-30,TGT,0,0,0.35889692294425724,-0.0915862364214784,Stage1,2024
2024-05-31,TGT,0,0,0.4600199326689809,-0.0232641788011277,Stage1,2024
2024-06-30,TGT,0,0,0.39200781972581217,-0.051997901779951,Stage1,2024
2024-07-31,TGT,1,1,0.5381652831608623,0.0160091781187152,Stage1,2024
2024-08-31,TGT,1,0,0.48684449625982124,0.0293292217990968,Stage1,2024
2024-09-30,TGT,1,1,0.5000086236182066,0.014581429309936,Stage1,2024
2024-10-31,TGT,0,1,0.515985168003289,-0.0373412893795478,Stage1,2024
2024-11-30,TGT,0,1,0.6105086161479123,-0.1117915736258664,Stage1,2024
2024-12-31,TGT,1,1,0.6282337418301368,0.0216914428232994,Stage1,2024
2024-01-31,WMT,1,1,0.5002544123211421,0.0482079622456501,Stage1,2024
2024-02-29,WMT,1,0,0.4231077237413043,0.0640243666828435,Stage1,2024
2024-03-31,WMT,1,0,0.4118348489524278,0.0301128692869456,Stage1,2024
2024-04-30,WMT,0,0,0.39200654513911526,-0.0136279689513028,Stage1,2024
2024-05-31,WMT,1,1,0.5627595750195951,0.1118386157682427,Stage1,2024
2024-06-30,WMT,1,1,0.5095041924340094,0.0296531037954184,Stage1,2024
2024-07-31,WMT,1,0,0.4713388916586363,0.0137351819524655,Stage1,2024
2024-08-31,WMT,1,0,0.43407829081855764,0.1283528857590139,Stage1,2024
2024-09-30,WMT,1,0,0.42196285875180706,0.0455781561387007,Stage1,2024
2024-10-31,WMT,1,0,0.40731730349736045,0.014860552341894,Stage1,2024
2024-11-30,WMT,1,0,0.41732040957990885,0.128737158712112,Stage1,2024
2024-12-31,WMT,0,0,0.49289634168073265,-0.0210791530908124,Stage1,2024
2024-01-31,COST,1,1,0.5031581055286073,0.0527208967386012,Stage2,2024
2024-02-29,COST,1,0,0.43714724690827494,0.0721037026088662,Stage2,2024
2024-03-31,COST,0,0,0.47336281089157795,-0.0151366884943665,Stage2,2024
2024-04-30,COST,0,1,0.5258763703035713,-0.0116972151176319,Stage2,2024
2024-05-31,COST,1,1,0.5758525175806963,0.1203348424372146,Stage2,2024
2024-06-30,COST,1,1,0.5512995713027172,0.0495130167115986,Stage2,2024
2024-07-31,COST,0,0,0.4974706613743609,-0.0315531355846948,Stage2,2024
2024-08-31,COST,1,0,0.4931378456428493,0.085620441823887,Stage2,2024
2024-09-30,COST,0,1,0.5274877916755902,-0.0065666423475563,Stage2,2024
2024-10-31,COST,0,1,0.5215989651128,-0.0139196564168381,Stage2,2024
2024-11-30,COST,1,1,0.6030244414497128,0.113239041299106,Stage2,2024
2024-12-31,COST,0,1,0.5670723942515579,-0.0572189373912187,Stage2,2024
2024-01-31,LOW,0,0,0.3740871944430477,-0.0388218049835974,Stage2,2024
2024-02-29,LOW,1,0,0.3627944300986711,0.1307555265582396,Stage2,2024
2024-03-31,LOW,1,0,0.38595948035095795,0.0584202881243947,Stage2,2024
2024-04-30,LOW,0,0,0.33745637168583026,-0.1006956408856842,Stage2,2024
2024-05-31,LOW,0,0,0.39392355915640365,-0.0293873454412993,Stage2,2024
2024-06-30,LOW,0,0,0.4366625277008371,-0.0037507380774381,Stage2,2024
2024-07-31,LOW,1,1,0.5160017305709345,0.1190261245824924,Stage2,2024
2024-08-31,LOW,1,0,0.44294947035017257,0.0121787317358674,Stage2,2024
2024-09-30,LOW,1,0,0.35382571963223036,0.0899395161672469,Stage2,2024
2024-10-31,LOW,0,0,0.4657569517119828,-0.0292013576585907,Stage2,2024
2024-11-30,LOW,1,0,0.4468734045217758,0.0404843768128109,Stage2,2024
2024-12-31,LOW,0,0,0.3748313971553647,-0.0940792157347057,Stage2,2024
2024-01-31,TGT,0,0,0.34009832240025406,-0.0234518336347735,Stage2,2024
2024-02-29,TGT,1,0,0.3393186109806592,0.1076548980881579,Stage2,2024
2024-03-31,TGT,1,0,0.44685903256055604,0.1588414442619099,Stage2,2024
2024-04-30,TGT,0,0,0.4138267234519411,-0.0915862364214784,Stage2,2024
2024-05-31,TGT,0,0,0.4190393049285827,-0.0232641788011277,Stage2,2024
2024-06-30,TGT,0,0,0.36416103937005334,-0.051997901779951,Stage2,2024
2024-07-31,TGT,1,1,0.5110055456898338,0.0160091781187152,Stage2,2024
2024-08-31,TGT,1,0,0.4891485964132516,0.0293292217990968,Stage2,2024
2024-09-30,TGT,1,0,0.45381000538123273,0.014581429309936,Stage2,2024
2024-10-31,TGT,0,0,0.4670148060153029,-0.0373412893795478,Stage2,2024
2024-11-30,TGT,0,1,0.5517323088172182,-0.1117915736258664,Stage2,2024
2024-12-31,TGT,1,1,0.5792479269372395,0.0216914428232994,Stage2,2024
2024-01-31,WMT,1,1,0.5327356523943024,0.0482079622456501,Stage2,2024
2024-02-29,WMT,1,0,0.440499838040005,0.0640243666828435,Stage2,2024
2024-03-31,WMT,1,0,0.442627217041633,0.0301128692869456,Stage2,2024
2024-04-30,WMT,0,0,0.434108584193211,-0.0136279689513028,Stage2,2024
2024-05-31,WMT,1,1,0.5459557698760112,0.1118386157682427,Stage2,2024
2024-06-30,WMT,1,0,0.4805224670295564,0.0296531037954184,Stage2,2024
2024-07-31,WMT,1,0,0.43999755410380476,0.0137351819524655,Stage2,2024
2024-08-31,WMT,1,0,0.4326238186397569,0.1283528857590139,Stage2,2024
2024-09-30,WMT,1,0,0.4627894454776563,0.0455781561387007,Stage2,2024
2024-10-31,WMT,1,0,0.4182835152674055,0.014860552341894,Stage2,2024
2024-11-30,WMT,1,0,0.45096757151921885,0.128737158712112,Stage2,2024
2024-12-31,WMT,0,1,0.5007911229622924,-0.0210791530908124,Stage2,2024
2025-01-31,COST,1,0,0.46688699182514976,0.069422853795636,Base,2025
2025-02-28,COST,1,1,0.5146814194387129,0.0713236447133143,Base,2025
2025-03-31,COST,0,1,0.5354574737049239,-0.0980631580524457,Base,2025
2025-04-30,COST,1,0,0.4050968903612749,0.0515129256644517,Base,2025
2025-05-31,COST,1,0,0.34637374532522425,0.0472955510976931,Base,2025
2025-06-30,COST,0,1,0.5793251375465862,-0.0482994318005051,Base,2025
2025-07-31,COST,0,0,0.498032418230725,-0.0508111484857096,Base,2025
2025-08-31,COST,1,1,0.6709174997210162,0.0053071863928346,Base,2025
2025-09-30,COST,0,1,0.6632527432983291,-0.0187528742970624,Base,2025
2025-10-31,COST,0,1,0.6793138885929508,-0.0139262003687521,Base,2025
2025-11-30,COST,1,1,0.576578009198428,0.0023479121057152,Base,2025
2025-12-31,COST,0,1,0.5592289301410304,-0.0524742775510411,Base,2025
2025-01-31,LOW,1,0,0.41847093051272566,0.0582503293153293,Base,2025
2025-02-28,LOW,0,1,0.5315722886135543,-0.043839416559131,Base,2025
2025-03-31,LOW,0,1,0.5249638079058804,-0.0619771866926589,Base,2025
2025-04-30,LOW,0,1,0.6186153504412374,-0.036402859000391,Base,2025
2025-05-31,LOW,1,0,0.49121669599877926,0.0097065469789767,Base,2025
2025-06-30,LOW,0,1,0.5838724268685292,-0.0171000062149662,Base,2025
2025-07-31,LOW,1,1,0.6122639436795126,0.0130213802135403,Base,2025
2025-08-31,LOW,1,0,0.48050531214739267,0.1542692595961519,Base,2025
2025-09-30,LOW,0,1,0.526948299665641,-0.0261566764836893,Base,2025
2025-10-31,LOW,0,0,0.37492568150484623,-0.0477863564075401,Base,2025
2025-11-30,LOW,1,0,0.41050330437554783,0.0182672672552832,Base,2025
2025-12-31,LOW,1,1,0.6323021690561251,0.002886830188393,Base,2025
2025-01-31,TGT,1,1,0.6865552905199221,0.0201954829408708,Base,2025
2025-02-28,TGT,0,1,0.6132630314780755,-0.091439955943687,Base,2025
2025-03-31,TGT,0,1,0.5950892601841677,-0.1600127853372194,Base,2025
2025-04-30,TGT,0,1,0.6503034581703573,-0.073399799639265,Base,2025
2025-05-31,TGT,0,1,0.6681864510295407,-0.016703985673198,Base,2025
2025-06-30,TGT,1,1,0.6520845727998764,0.0493564581716063,Base,2025
2025-07-31,TGT,1,1,0.693042508830397,0.0187531202222066,Base,2025
2025-08-31,TGT,0,1,0.5187755113064736,-0.034617962579601,Base,2025
2025-09-30,TGT,0,1,0.5517816050508856,-0.0654304076176419,Base,2025
2025-10-31,TGT,1,1,0.6619079689498497,0.0336678410281066,Base,2025
2025-11-30,TGT,0,1,0.7266672877861411,-0.0103292845033966,Base,2025
2025-12-31,TGT,1,1,0.6816251463329255,0.0751489178578961,Base,2025
2025-01-31,WMT,1,0,0.4790836371250958,0.086441618954163,Base,2025
2025-02-28,WMT,1,0,0.4530651565773271,0.0045843898788333,Base,2025
2025-03-31,WMT,0,1,0.5087576516128265,-0.1072804255084338,Base,2025
2025-04-30,WMT,1,0,0.46644898189028405,0.1077572042655523,Base,2025
2025-05-31,WMT,1,0,0.3753468923341211,0.0175700296961369,Base,2025
2025-06-30,WMT,0,0,0.33870318705222713,-0.0095219346343532,Base,2025
2025-07-31,WMT,1,0,0.447806463796702,0.0020453564025286,Base,2025
2025-08-31,WMT,0,1,0.5535931138877757,-0.0078943551058572,Base,2025
2025-09-30,WMT,1,1,0.6107508896195872,0.0626932784118328,Base,2025
2025-10-31,WMT,0,1,0.568667074351371,-0.0182417701675215,Base,2025
2025-11-30,WMT,1,1,0.675637405738241,0.0922119387209658,Base,2025
2025-12-31,WMT,1,1,0.6037951852196821,0.0148234799085935,Base,2025
2025-01-31,COST,1,1,0.5110834056385337,0.069422853795636,Stage1,2025
2025-02-28,COST,1,1,0.540289062231811,0.0713236447133143,Stage1,2025
2025-03-31,COST,0,0,0.46890551145785486,-0.0980631580524457,Stage1,2025
2025-04-30,COST,1,0,0.43808728209692943,0.0515129256644517,Stage1,2025
2025-05-31,COST,1,0,0.4438345926021936,0.0472955510976931,Stage1,2025
2025-06-30,COST,0,1,0.6173281508696009,-0.0482994318005051,Stage1,2025
2025-07-31,COST,0,1,0.5443054928970934,-0.0508111484857096,Stage1,2025
2025-08-31,COST,1,1,0.6914469762847932,0.0053071863928346,Stage1,2025
2025-09-30,COST,0,1,0.7028702640807477,-0.0187528742970624,Stage1,2025
2025-10-31,COST,0,1,0.6935050780415177,-0.0139262003687521,Stage1,2025
2025-11-30,COST,1,1,0.5790317220261207,0.0023479121057152,Stage1,2025
2025-12-31,COST,0,1,0.5510054018447508,-0.0524742775510411,Stage1,2025
2025-01-31,LOW,1,1,0.5305067342831775,0.0582503293153293,Stage1,2025
2025-02-28,LOW,0,1,0.5933650804038144,-0.043839416559131,Stage1,2025
2025-03-31,LOW,0,1,0.5462174342949587,-0.0619771866926589,Stage1,2025
2025-04-30,LOW,0,1,0.6046688291305868,-0.036402859000391,Stage1,2025
2025-05-31,LOW,1,1,0.5658111201126929,0.0097065469789767,Stage1,2025
2025-06-30,LOW,0,1,0.701602901404225,-0.0171000062149662,Stage1,2025
2025-07-31,LOW,1,1,0.6390060477616764,0.0130213802135403,Stage1,2025
2025-08-31,LOW,1,1,0.5301756834645733,0.1542692595961519,Stage1,2025
2025-09-30,LOW,0,1,0.5341338202403617,-0.0261566764836893,Stage1,2025
2025-10-31,LOW,0,0,0.47135716667281136,-0.0477863564075401,Stage1,2025
2025-11-30,LOW,1,0,0.4390598852125938,0.0182672672552832,Stage1,2025
2025-12-31,LOW,1,1,0.5239027865819371,0.002886830188393,Stage1,2025
2025-01-31,TGT,1,1,0.6749448785544593,0.0201954829408708,Stage1,2025
2025-02-28,TGT,0,1,0.6636325667743556,-0.091439955943687,Stage1,2025
2025-03-31,TGT,0,1,0.598079079418905,-0.1600127853372194,Stage1,2025
2025-04-30,TGT,0,1,0.6337388568501181,-0.073399799639265,Stage1,2025
2025-05-31,TGT,0,1,0.6634580337333318,-0.016703985673198,Stage1,2025
2025-06-30,TGT,1,1,0.7258087644831569,0.0493564581716063,Stage1,2025
2025-07-31,TGT,1,1,0.6898479750306125,0.0187531202222066,Stage1,2025
2025-08-31,TGT,0,1,0.5502759807623748,-0.034617962579601,Stage1,2025
2025-09-30,TGT,0,1,0.5842522904572647,-0.0654304076176419,Stage1,2025
2025-10-31,TGT,1,1,0.7020994408169514,0.0336678410281066,Stage1,2025
2025-11-30,TGT,0,1,0.6726757051014408,-0.0103292845033966,Stage1,2025
2025-12-31,TGT,1,1,0.6125805362388534,0.0751489178578961,Stage1,2025
2025-01-31,WMT,1,1,0.510006449521104,0.086441618954163,Stage1,2025
2025-02-28,WMT,1,1,0.5132711466177698,0.0045843898788333,Stage1,2025
2025-03-31,WMT,0,0,0.4585423635062395,-0.1072804255084338,Stage1,2025
2025-04-30,WMT,1,1,0.5003924866744489,0.1077572042655523,Stage1,2025
2025-05-31,WMT,1,0,0.4599316463027279,0.0175700296961369,Stage1,2025
2025-06-30,WMT,0,0,0.49531540306831157,-0.0095219346343532,Stage1,2025
2025-07-31,WMT,1,1,0.5259070653938858,0.0020453564025286,Stage1,2025
2025-08-31,WMT,0,1,0.5366435451975586,-0.0078943551058572,Stage1,2025
2025-09-30,WMT,1,1,0.5991945405904099,0.0626932784118328,Stage1,2025
2025-10-31,WMT,0,1,0.6127069906586006,-0.0182417701675215,Stage1,2025
2025-11-30,WMT,1,1,0.6062822906531481,0.0922119387209658,Stage1,2025
2025-12-31,WMT,1,0,0.47069237077843185,0.0148234799085935,Stage1,2025
2025-01-31,COST,1,1,0.5498743692740246,0.069422853795636,Stage2,2025
2025-02-28,COST,1,1,0.5366623086460311,0.0713236447133143,Stage2,2025
2025-03-31,COST,0,0,0.4542550103323251,-0.0980631580524457,Stage2,2025
2025-04-30,COST,1,0,0.4734048750955326,0.0515129256644517,Stage2,2025
2025-05-31,COST,1,0,0.4543270634853998,0.0472955510976931,Stage2,2025
2025-06-30,COST,0,1,0.6390976783561974,-0.0482994318005051,Stage2,2025
2025-07-31,COST,0,1,0.5826809287703678,-0.0508111484857096,Stage2,2025
2025-08-31,COST,1,1,0.7071785838943196,0.0053071863928346,Stage2,2025
2025-09-30,COST,0,1,0.706830622112802,-0.0187528742970624,Stage2,2025
2025-10-31,COST,0,1,0.6942910758437851,-0.0139262003687521,Stage2,2025
2025-11-30,COST,1,1,0.670905296586443,0.0023479121057152,Stage2,2025
2025-12-31,COST,0,1,0.5985602008803721,-0.0524742775510411,Stage2,2025
2025-01-31,LOW,1,1,0.5374671546866221,0.0582503293153293,Stage2,2025
2025-02-28,LOW,0,1,0.5293386568187541,-0.043839416559131,Stage2,2025
2025-03-31,LOW,0,0,0.4943248335262659,-0.0619771866926589,Stage2,2025
2025-04-30,LOW,0,1,0.5543364313383072,-0.036402859000391,Stage2,2025
2025-05-31,LOW,1,1,0.5701383944682056,0.0097065469789767,Stage2,2025
2025-06-30,LOW,0,1,0.6238196554120259,-0.0171000062149662,Stage2,2025
2025-07-31,LOW,1,1,0.6267705530135491,0.0130213802135403,Stage2,2025
2025-08-31,LOW,1,1,0.5164895952952527,0.1542692595961519,Stage2,2025
2025-09-30,LOW,0,1,0.5176578401515854,-0.0261566764836893,Stage2,2025
2025-10-31,LOW,0,0,0.44074952719034416,-0.0477863564075401,Stage2,2025
2025-11-30,LOW,1,0,0.45553865883905603,0.0182672672552832,Stage2,2025
2025-12-31,LOW,1,0,0.4963399932625457,0.002886830188393,Stage2,2025
2025-01-31,TGT,1,1,0.6491850695149407,0.0201954829408708,Stage2,2025
2025-02-28,TGT,0,1,0.6233085888619629,-0.091439955943687,Stage2,2025
2025-03-31,TGT,0,1,0.5581533473649087,-0.1600127853372194,Stage2,2025
2025-04-30,TGT,0,1,0.6122488141711614,-0.073399799639265,Stage2,2025
2025-05-31,TGT,0,1,0.6945035312459719,-0.016703985673198,Stage2,2025
2025-06-30,TGT,1,1,0.7042702570426341,0.0493564581716063,Stage2,2025
2025-07-31,TGT,1,1,0.6531387518347141,0.0187531202222066,Stage2,2025
2025-08-31,TGT,0,1,0.5185789687130138,-0.034617962579601,Stage2,2025
2025-09-30,TGT,0,1,0.5330047107315088,-0.0654304076176419,Stage2,2025
2025-10-31,TGT,1,1,0.6458563680948239,0.0336678410281066,Stage2,2025
2025-11-30,TGT,0,1,0.6409530402494772,-0.0103292845033966,Stage2,2025
2025-12-31,TGT,1,1,0.594979111862651,0.0751489178578961,Stage2,2025
2025-01-31,WMT,1,1,0.5713804548539092,0.086441618954163,Stage2,2025
2025-02-28,WMT,1,1,0.5730054755953016,0.0045843898788333,Stage2,2025
2025-03-31,WMT,0,1,0.5058554156467207,-0.1072804255084338,Stage2,2025
2025-04-30,WMT,1,1,0.5884631353745254,0.1077572042655523,Stage2,2025
2025-05-31,WMT,1,0,0.4850833469134224,0.0175700296961369,Stage2,2025
2025-06-30,WMT,0,0,0.4956992277431639,-0.0095219346343532,Stage2,2025
2025-07-31,WMT,1,1,0.5741847058654486,0.0020453564025286,Stage2,2025
2025-08-31,WMT,0,1,0.5805816015308236,-0.0078943551058572,Stage2,2025
2025-09-30,WMT,1,1,0.6733869860291258,0.0626932784118328,Stage2,2025
2025-10-31,WMT,0,1,0.5814596194810643,-0.0182417701675215,Stage2,2025
2025-11-30,WMT,1,1,0.5971540573483879,0.0922119387209658,Stage2,2025
2025-12-31,WMT,1,1,0.5267653932606003,0.0148234799085935,Stage2,2025
